"Mean(Error in %)","Standard deviation(Error in %)","Range(Error in %)","Error"
18.05,3.181980515339464,4.5,
9.925,1.806815799502909,5.75,
8.424999999999999,1.247497494987466,3.5,
7.125,1.0358169078880044,3,
,,,26.525
